{
  "min": [
    -148.161,
    -89.9408,
    -9.21643
  ],
  "max": [
    111.123,
    189.154,
    58.9182
  ],
  "floor_to_relative": [
    [
      -0.37980244230776083,
      -0.4446899053418908,
      0.9360045227534673
    ],
    [
      0.5777596438092669,
      -0.24931580397943037,
      0.5088500153185898
    ],
    [
      0.0,
      0.0,
      1.0
    ]
  ],
  "relative_to_absolute": [
    [
      259.284,
      0.0,
      -148.161
    ],
    [
      0.0,
      -279.09479999999996,
      189.154
    ],
    [
      0.0,
      0.0,
      1.0
    ]
  ]
}