{
  "nodes": {
    "0": {
      "label": "A",
      "pos": [22.041882992784863, -41.45294826785856,0]
    },
    "1": {
      "label": "B",
      "pos": [39.37212469636901,-48.6892788106351, 0]
    },
    "2": {
      "label": "C",
      "pos": [24.16888647340641, -84.80521252269463, 0]
    },
    "3": {
      "label": "D",
      "pos": [54.57536291933161, -12.573345098575572, 0]
    }
  },
  "edges": {
    "0": {
      "u": 0,
      "v": 1,
      "data": {
        "length": 18.780355620407402
      }
    },
    "1": {
      "u": 1,
      "v": 2,
      "data": {
        "length": 39.185445261704366
      }
    },
    "2": {
      "u": 1,
      "v": 3,
      "data": {
        "length": 39.185445261704366
      }
    }
  }
}